{"observation":
{"serverTime": 141538121.0,
  "eventTime": 141540050.0,
  "code": 2.0,
  "signal0": -0.204516293525075,
  "signal1": 0.199345742570146,
  "signal2": -0.10734062786554784,
  "ap0": 4584.866,
  "bp0": 4582.52,
  "av0": 5.0,
  "bv0": 1.0,
  "ap1": 4587.349999999999,
  "bp1": 4582.428,
  "av1": 6.0,
  "bv1": 3.0,
  "ap2": 4588.5,
  "bp2": 4582.313,
  "av2": 2.0,
  "bv2": 4.0,
  "ap3": 4590.432,
  "bp3": 4581.623,
  "av3": 30.0,
  "bv3": 2.0,
  "ap4": 4590.823,
  "bp4": 4581.599999999999,
  "av4": 33.0,
  "bv4": 47.0,
  "code_net_position": 0,
  "ap0_t0": 4595.377
},
  "new_game": false}